INSERT INTO city (ID, Name, CountryCode, District) VALUES
(1, 'Washington', 'USA', 'District of Columbia'),
(2, 'Ottawa', 'CAN', 'Ontario'),
(3, 'Mexico City', 'MEX', 'Federal District'),
(4, 'London', 'GBR', 'England'),
(5, 'Berlin', 'DEU', 'Berlin'),
(6, 'Paris', 'FRA', 'Île-de-France'),
(7, 'Rome', 'ITA', 'Lazio'),
(8, 'Madrid', 'ESP', 'Madrid'),
(9, 'Brasilia', 'BRA', 'Distrito Federal'),
(10, 'New Delhi', 'IND', 'Delhi'),
(11, 'Beijing', 'CHN', 'Beijing'),
(12, 'Canberra', 'AUS', 'Australian Capital Territory'),
(13, 'Moscow', 'RUS', 'Moscow'),
(14, 'Tokyo', 'JPN', 'Tokyo'),
(15, 'Seoul', 'KOR', 'Seoul'),
(16, 'Buenos Aires', 'ARG', 'Buenos Aires'),
(17, 'Riyadh', 'SAU', 'Riyadh'),
(18, 'Cairo', 'EGY', 'Cairo'),
(19, 'Pretoria', 'ZAF', 'Gauteng'),
(20, 'Amsterdam', 'NLD', 'North Holland');

INSERT INTO country (Code, Name, Code2, Capital) VALUES
('USA', 'United States', 'US', 1),
('CAN', 'Canada', 'CA', 2),
('MEX', 'Mexico', 'MX', 3),
('GBR', 'United Kingdom', 'GB', 4),
('DEU', 'Germany', 'DE', 5),
('FRA', 'France', 'FR', 6),
('ITA', 'Italy', 'IT', 7),
('ESP', 'Spain', 'ES', 8),
('BRA', 'Brazil', 'BR', 9),
('IND', 'India', 'IN', 10),
('CHN', 'China', 'CN', 11),
('AUS', 'Australia', 'AU', 12),
('RUS', 'Russia', 'RU', 13),
('JPN', 'Japan', 'JP', 14),
('KOR', 'South Korea', 'KR', 15),
('ARG', 'Argentina', 'AR', 16),
('SAU', 'Saudi Arabia', 'SA', 17),
('EGY', 'Egypt', 'EG', 18),
('ZAF', 'South Africa', 'ZA', 19),
('NLD', 'Netherlands', 'NL', 20);

INSERT INTO countrylanguage (CountryCode, Language, IsOfficial, Percentage) VALUES
('USA', 'English', 'T', 80.0),
('CAN', 'English', 'T', 56.0),
('CAN', 'French', 'T', 22.0),
('MEX', 'Spanish', 'T', 98.0),
('GBR', 'English', 'T', 99.0),
('DEU', 'German', 'T', 100.0),
('FRA', 'French', 'T', 100.0),
('ITA', 'Italian', 'T', 100.0),
('ESP', 'Spanish', 'T', 99.0),
('BRA', 'Portuguese', 'T', 98.0),
('IND', 'Hindi', 'T', 44.0),
('IND', 'English', 'T', 26.0),
('CHN', 'Chinese', 'T', 100.0),
('AUS', 'English', 'T', 100.0),
('RUS', 'Russian', 'T', 100.0),
('JPN', 'Japanese', 'T', 100.0),
('KOR', 'Korean', 'T', 100.0),
('ARG', 'Spanish', 'T', 98.0),
('SAU', 'Arabic', 'T', 100.0),
('EGY', 'Arabic', 'T', 100.0),
('ZAF', 'English', 'T', 90.0),
('NLD', 'Dutch', 'T', 100.0);


INSERT INTO countryinfo (doc) VALUES
(JSON_OBJECT('CountryCode', 'USA', 'GNP', 21433.2, 'Continent', 'North America', 'Region', 'North America', 'HeadOfState', 'Joe Biden', 'LifeExpectancy', 78.9)),
(JSON_OBJECT('CountryCode', 'CAN', 'GNP', 1736.0, 'Continent', 'North America', 'Region', 'North America', 'HeadOfState', 'Justin Trudeau', 'LifeExpectancy', 82.3)),
(JSON_OBJECT('CountryCode', 'MEX', 'GNP', 1204.0, 'Continent', 'North America', 'Region', 'North America', 'HeadOfState', 'Andrés Manuel López Obrador', 'LifeExpectancy', 75.4)),
(JSON_OBJECT('CountryCode', 'GBR', 'GNP', 2749.1, 'Continent', 'Europe', 'Region', 'Northern Europe', 'HeadOfState', 'Elisabeth II', 'LifeExpectancy', 81.2)),
(JSON_OBJECT('CountryCode', 'DEU', 'GNP', 3845.6, 'Continent', 'Europe', 'Region', 'Western Europe', 'HeadOfState', 'Frank-Walter Steinmeier', 'LifeExpectancy', 80.9)),
(JSON_OBJECT('CountryCode', 'FRA', 'GNP', 2580.3, 'Continent', 'Europe', 'Region', 'Western Europe', 'HeadOfState', 'Emmanuel Macron', 'LifeExpectancy', 82.1)),
(JSON_OBJECT('CountryCode', 'ITA', 'GNP', 2329.1, 'Continent', 'Europe', 'Region', 'Southern Europe', 'HeadOfState', 'Sergio Mattarella', 'LifeExpectancy', 82.7)),
(JSON_OBJECT('CountryCode', 'ESP', 'GNP', 1810.9, 'Continent', 'Europe', 'Region', 'Southern Europe', 'HeadOfState', 'Felipe VI', 'LifeExpectancy', 83.4)),
(JSON_OBJECT('CountryCode', 'BRA', 'GNP', 3845.0, 'Continent', 'South America', 'Region', 'South America', 'HeadOfState', 'Jair Bolsonaro', 'LifeExpectancy', 75.5)),
(JSON_OBJECT('CountryCode', 'IND', 'GNP', 2100.0, 'Continent', 'Asia', 'Region', 'South Asia', 'HeadOfState', 'Ram Nath Kovind', 'LifeExpectancy', 69.5)),
(JSON_OBJECT('CountryCode', 'CHN', 'GNP', 12100.0, 'Continent', 'Asia', 'Region', 'East Asia', 'HeadOfState', 'Xi Jinping', 'LifeExpectancy', 76.9)),
(JSON_OBJECT('CountryCode', 'AUS', 'GNP', 8500.0, 'Continent', 'Oceania', 'Region', 'Australia and New Zealand', 'HeadOfState', 'Peter Cosgrove', 'LifeExpectancy', 82.0)),
(JSON_OBJECT('CountryCode', 'RUS', 'GNP', 2300.0, 'Continent', 'Europe', 'Region', 'Eastern Europe', 'HeadOfState', 'Vladimir Putin', 'LifeExpectancy', 71.3)),
(JSON_OBJECT('CountryCode', 'JPN', 'GNP', 47000.0, 'Continent', 'Asia', 'Region', 'East Asia', 'HeadOfState', 'Naruhito', 'LifeExpectancy', 84.5)),
(JSON_OBJECT('CountryCode', 'KOR', 'GNP', 29500.0, 'Continent', 'Asia', 'Region', 'East Asia', 'HeadOfState', 'Yoon Suk-yeol', 'LifeExpectancy', 83.0)),
(JSON_OBJECT('CountryCode', 'ARG', 'GNP', 1000.0, 'Continent', 'South America', 'Region', 'South America', 'HeadOfState', 'Alberto Fernández', 'LifeExpectancy', 76.3)),
(JSON_OBJECT('CountryCode', 'SAU', 'GNP', 23600.0, 'Continent', 'Asia', 'Region', 'Middle East', 'HeadOfState', 'Salman bin Abdulaziz Al Saud', 'LifeExpectancy', 74.7)),
(JSON_OBJECT('CountryCode', 'EGY', 'GNP', 3460.0, 'Continent', 'Africa', 'Region', 'Northern Africa', 'HeadOfState', 'Abdel Fattah el-Sisi', 'LifeExpectancy', 71.5)),
(JSON_OBJECT('CountryCode', 'ZAF', 'GNP', 694.0, 'Continent', 'Africa', 'Region', 'Sub-Saharan Africa', 'HeadOfState', 'Cyril Ramaphosa', 'LifeExpectancy', 64.2)),
(JSON_OBJECT('CountryCode', 'NLD', 'GNP', 9000.0, 'Continent', 'Europe', 'Region', 'Western Europe', 'HeadOfState', 'Mark Rutte', 'LifeExpectancy', 81.6));
